VF-GeneName,VF-geneDefinition,VF-ID,VF category,Bacteria,S117,S134,S1531,S1708,S179,S1914,S1922,S1969,S1972,S201,S2146,S2148,S2216,S2221,S2269,S2270,S2289,S2345,S2429,S2452,S2468,S2527,S2593,S2600,S2601,S2608,S2627,S2632,S2663,S2680,S2726,S2817,S2846,S2883,S2927,S2967,S2971,S329,S339,S402,S573,S578,S847,S865,S884
agg3A, adhesin protein ,AAFs (VF0214) ,Adherence; Fimbrial adhesin; Adhesive pili of the chaperone-usher family,Escherichia coli 55989,0,0,0,1,0,0,0,0,0,0,0,0,0,0,0,0,0,0,1,0,0,0,0,0,0,0,0,0,0,0,0,0,0,0,0,0,0,0,0,0,0,0,0,0,0
agg3B, invasin protein ,AAFs (VF0214) ,Adherence; Fimbrial adhesin; Adhesive pili of the chaperone-usher family,Escherichia coli 55989,0,0,0,1,0,0,0,0,0,0,0,0,0,0,0,0,0,0,1,0,0,0,0,0,0,0,0,0,0,0,0,0,0,0,0,0,0,0,0,0,0,0,0,0,0
agg3C, usher protein ,AAFs (VF0214) ,Adherence; Fimbrial adhesin; Adhesive pili of the chaperone-usher family,Escherichia coli 55989,0,0,0,1,0,0,0,0,0,0,0,0,0,0,0,0,0,0,1,0,0,0,0,0,0,0,0,0,0,0,0,0,0,0,0,0,0,0,0,0,0,0,0,0,0
agg3D, periplasmic chaperone ,AAFs (VF0214) ,Adherence; Fimbrial adhesin; Adhesive pili of the chaperone-usher family,Escherichia coli 55989,0,0,0,1,0,0,0,0,0,0,0,0,0,0,0,0,0,0,1,0,0,0,0,0,0,0,0,0,0,0,0,0,0,0,0,0,0,0,0,0,0,0,0,0,0
iucA, aerobactin synthesis protein IucA ,Aerobactin (VF0123) ,Nutritional/Metabolic factor; Metal uptake; Iron uptake; Siderophore uptake system,Shigella flexneri 2a str. 301,0,0,1,1,0,0,1,0,0,0,0,0,0,0,0,0,0,0,1,0,0,0,0,0,0,1,1,0,0,1,0,0,0,1,0,0,1,0,0,0,0,0,0,1,0
iucB, aerobactin synthesis protein IucB ,Aerobactin (VF0123) ,Nutritional/Metabolic factor; Metal uptake; Iron uptake; Siderophore uptake system,Shigella flexneri 2a str. 301,0,0,1,1,0,0,1,1,0,0,0,1,1,0,0,0,0,0,1,1,0,0,0,0,0,1,0,0,0,0,0,0,0,1,0,0,0,0,0,0,0,0,0,1,1
iucC, aerobactin synthesis protein IucC ,Aerobactin (VF0123) ,Nutritional/Metabolic factor; Metal uptake; Iron uptake; Siderophore uptake system,Shigella flexneri 2a str. 301,0,0,1,1,0,0,1,0,0,0,0,0,0,0,0,0,0,0,1,1,0,0,0,0,0,1,0,0,0,1,0,0,0,1,0,0,0,0,0,0,0,0,0,1,1
iucD, aerobactin synthesis protein IucC lysine 6-monooxygenase ,Aerobactin (VF0123) ,Nutritional/Metabolic factor; Metal uptake; Iron uptake; Siderophore uptake system,Shigella flexneri 2a str. 301,0,0,1,1,0,0,1,0,0,0,0,0,0,0,0,0,0,0,1,0,0,0,0,0,0,1,0,0,0,0,0,0,0,1,0,0,0,0,0,0,0,0,0,1,1
iutA, aerobactin receptor IutA ,Aerobactin (VF0123) ,Nutritional/Metabolic factor; Metal uptake; Iron uptake; Siderophore uptake system,Shigella flexneri 2a str. 301,0,0,0,0,0,0,0,0,0,0,0,0,0,0,0,0,0,0,0,1,0,0,0,0,0,0,0,0,0,0,0,0,0,0,0,0,0,0,0,0,0,0,0,0,0
iucA, aerobactin siderophore biosynthesis protein IucD ,Aerobactin (VF0229) ,Nutritional/Metabolic factor; Metal uptake; Iron uptake; Siderophore uptake system,Escherichia coli CFT073,0,0,0,0,0,0,0,0,0,0,0,0,1,0,0,0,0,0,0,0,0,0,0,0,0,1,0,0,0,0,0,0,0,0,0,1,0,0,0,0,0,0,0,0,0
iucB, aerobactin siderophore biosynthesis protein IucB ,Aerobactin (VF0229) ,Nutritional/Metabolic factor; Metal uptake; Iron uptake; Siderophore uptake system,Escherichia coli CFT073,0,0,0,0,0,0,0,0,0,0,0,0,1,0,0,0,0,0,0,0,0,0,0,0,0,1,0,0,0,0,0,0,0,0,0,1,1,0,0,0,0,0,0,0,0
iucC, aerobactin siderophore biosynthesis protein IucC ,Aerobactin (VF0229) ,Nutritional/Metabolic factor; Metal uptake; Iron uptake; Siderophore uptake system,Escherichia coli CFT073,0,0,0,0,0,0,0,0,0,0,0,0,1,0,0,0,0,0,0,0,0,0,0,0,0,1,1,0,0,0,0,0,0,1,0,1,0,0,0,0,0,0,0,0,0
iucD, L-lysine 6-monooxygenase IucD ,Aerobactin (VF0229) ,Nutritional/Metabolic factor; Metal uptake; Iron uptake; Siderophore uptake system,Escherichia coli CFT073,0,0,0,0,0,0,0,0,0,0,0,0,1,0,0,0,0,0,0,0,0,0,0,0,0,1,0,1,0,0,0,0,0,1,0,1,1,0,0,0,0,0,0,0,0
iutA, ferric aerobactin receptor precusor IutA ,Aerobactin (VF0229) ,Nutritional/Metabolic factor; Metal uptake; Iron uptake; Siderophore uptake system,Escherichia coli CFT073,0,0,1,1,0,0,1,0,0,0,0,0,1,0,0,0,0,0,1,0,0,0,0,0,0,2,0,0,0,0,0,0,0,2,0,1,0,0,0,0,0,0,0,1,0
csgA, curlin major subunit CsgA ,Agf (VF0103) ,Adherence; Fimbrial adhesin; Bacterial amyloid fibers; Curli; Biofilm; Biofilm formation,Salmonella enterica subsp. enterica serovar Typhimurium str. LT2,0,0,0,0,0,0,0,0,0,0,0,0,0,0,1,0,0,0,0,0,0,0,0,0,0,1,0,0,0,1,0,0,0,0,0,0,0,0,0,0,0,0,0,0,0
csgB, minor curlin subunit precursor curli nucleator protein CsgB ,Agf (VF0103) ,Adherence; Fimbrial adhesin; Bacterial amyloid fibers; Curli; Biofilm; Biofilm formation,Salmonella enterica subsp. enterica serovar Typhimurium str. LT2,0,0,1,1,0,0,1,0,0,0,0,1,1,0,1,0,0,0,1,1,1,0,0,0,1,2,1,1,0,1,0,0,0,1,0,1,1,1,0,0,0,0,0,1,1
csgC, curli assembly protein CsgC ,Agf (VF0103) ,Adherence; Fimbrial adhesin; Bacterial amyloid fibers; Curli; Biofilm; Biofilm formation,Salmonella enterica subsp. enterica serovar Typhimurium str. LT2,0,1,0,0,0,0,0,0,0,0,0,0,0,0,0,0,0,0,0,0,0,0,0,0,0,0,0,0,0,0,0,0,0,0,0,0,0,0,0,0,0,0,0,0,0
csgE, curli production assembly/transport protein CsgE ,Agf (VF0103) ,Adherence; Fimbrial adhesin; Bacterial amyloid fibers; Curli; Biofilm; Biofilm formation,Salmonella enterica subsp. enterica serovar Typhimurium str. LT2,1,0,0,1,0,0,1,0,0,0,0,0,1,1,0,0,1,0,1,1,1,0,0,0,1,2,1,1,0,1,0,0,0,1,0,1,1,1,0,0,0,0,0,1,1
csgF, curli production assembly/transport protein CsgF ,Agf (VF0103) ,Adherence; Fimbrial adhesin; Bacterial amyloid fibers; Curli; Biofilm; Biofilm formation,Salmonella enterica subsp. enterica serovar Typhimurium str. LT2,0,0,1,1,0,0,1,0,0,0,0,1,1,1,1,0,0,0,1,1,1,0,0,1,1,1,1,1,0,1,0,0,0,1,0,1,1,0,0,0,0,0,0,1,1
csgG, curli production assembly/transport protein CsgG ,Agf (VF0103) ,Adherence; Fimbrial adhesin; Bacterial amyloid fibers; Curli; Biofilm; Biofilm formation,Salmonella enterica subsp. enterica serovar Typhimurium str. LT2,0,0,1,1,0,0,1,0,0,0,0,0,2,0,0,0,0,0,1,1,1,0,0,0,1,2,1,1,0,1,0,0,0,1,0,1,1,0,0,0,0,0,0,1,1
aslA, putative arylsulfatase ,AslA (VF0238) ,Invasion,Escherichia coli O18:K1:H7 str. RS218,0,0,2,1,0,0,1,0,0,0,0,1,1,1,0,0,1,0,1,1,0,0,0,0,2,2,1,0,0,1,0,0,0,1,0,1,1,0,0,0,0,0,0,1,1
cpsF, polysaccharide biosynthesis protein CpsF ,Capsule (VF0274) ,Immune modulation; Antiphagocytosis,Streptococcus agalactiae 2603V/R,0,0,0,0,0,0,0,0,0,0,0,0,0,0,0,0,0,0,0,1,0,0,0,0,0,0,0,0,0,0,0,0,0,0,0,0,0,0,0,0,0,0,0,0,1
chuA, Outer membrane heme/hemoglobin receptor ChuA ,Chu (VF0227) ,Nutritional/Metabolic factor; Metal uptake; Iron uptake; Heme uptake system,Escherichia coli CFT073,0,0,0,0,0,0,0,0,0,0,0,0,1,0,0,0,0,0,0,0,0,0,0,0,0,1,0,0,0,0,0,0,0,0,0,0,0,0,0,0,0,0,0,1,0
chuS, heme oxygenase ChuS ,Chu (VF0227) ,Nutritional/Metabolic factor; Metal uptake; Iron uptake; Heme uptake system,Escherichia coli CFT073,0,0,1,0,0,0,0,0,0,0,0,0,1,1,0,0,0,0,0,0,0,0,0,0,0,1,0,0,0,1,0,0,0,0,0,0,0,0,0,0,0,0,0,1,0
chuT, periplasmic heme-binding protein ChuT ,Chu (VF0227) ,Nutritional/Metabolic factor; Metal uptake; Iron uptake; Heme uptake system,Escherichia coli CFT073,0,0,0,0,0,0,0,0,0,0,0,0,1,1,0,0,0,0,0,0,0,0,0,0,0,1,0,0,0,0,0,0,0,0,0,0,0,0,0,0,0,0,0,1,0
chuU, heme permease protein ChuU ,Chu (VF0227) ,Nutritional/Metabolic factor; Metal uptake; Iron uptake; Heme uptake system,Escherichia coli CFT073,0,0,0,0,0,0,0,0,0,0,0,0,1,0,0,0,0,0,0,0,0,0,0,0,0,1,0,0,0,0,0,0,0,0,0,0,0,0,0,0,0,0,0,1,0
chuV, ATP-binding hydrophilic protein ChuV ,Chu (VF0227) ,Nutritional/Metabolic factor; Metal uptake; Iron uptake; Heme uptake system,Escherichia coli CFT073,0,0,0,0,0,0,0,0,0,0,0,0,1,1,0,0,0,0,0,0,0,0,0,0,1,1,0,0,0,1,0,0,0,0,0,0,0,0,0,0,0,0,0,1,0
chuW, Putative oxygen independent coproporphyrinogen III oxidase ,Chu (VF0227) ,Nutritional/Metabolic factor; Metal uptake; Iron uptake; Heme uptake system,Escherichia coli CFT073,0,0,0,0,0,0,0,0,0,0,0,0,1,1,0,0,0,0,0,0,0,0,0,0,0,1,0,0,0,1,0,0,0,0,0,0,0,0,0,0,0,0,0,1,0
chuX, putative heme-binding protein ChuX ,Chu (VF0227) ,Nutritional/Metabolic factor; Metal uptake; Iron uptake; Heme uptake system,Escherichia coli CFT073,0,0,0,0,0,0,0,0,0,0,0,0,1,2,0,0,0,0,0,0,0,0,0,0,0,1,0,0,0,1,0,0,0,0,0,0,0,0,0,0,0,0,0,1,0
chuY, ChuY ,Chu (VF0227) ,Nutritional/Metabolic factor; Metal uptake; Iron uptake; Heme uptake system,Escherichia coli CFT073,0,0,1,0,0,0,0,1,0,0,0,0,1,1,0,0,0,0,0,0,1,0,0,0,0,1,0,0,0,1,0,0,0,0,0,0,0,0,0,0,0,0,0,1,0
cnf1, cytotoxic necrotizing factor 1 ,CNF-1 (VF0240) ,Exotoxin; Intracellularly active toxin; Deamidase,Escherichia coli str. E-B35,0,0,0,0,0,0,0,0,0,0,0,0,1,0,0,0,0,0,0,0,0,0,0,0,0,0,0,0,0,0,0,0,0,0,0,0,0,0,0,0,0,0,0,0,0
cfaD', colonisation factor antigen d' ,Colonization factor antigen I fimbriae (CFA/I) (AI018) ,Adherence; Fimbrial adhesin; Adhesive pili of the chaperone-usher family,Escherichia coli str. E7473,0,0,0,1,0,0,0,0,0,0,0,0,0,0,0,0,0,0,1,0,0,0,0,0,0,0,0,0,0,0,0,0,0,0,0,0,0,0,0,0,0,0,0,0,0
ctxB, cholera enterotoxin B subunit ,CT (VF0128) ,Exotoxin; Intracellularly active toxin; ADP-ribosyltransferase (ADPRT); Effector delivery system; Type II secretion system (T2SS); T2SS effectors,Vibrio cholerae O1 biovar El Tor str. N16961,0,0,0,0,0,0,0,0,0,0,0,0,0,0,0,0,0,0,0,0,0,0,0,0,0,0,0,1,0,0,0,0,0,0,0,0,0,0,0,0,0,0,0,0,0
csgD, DNA-binding transcriptional regulator CsgD ,curli fibers/thin aggregative fimbriae (AGF) (AI094) ,Adherence; Fimbrial adhesin; Bacterial amyloid fibers; Curli; Biofilm; Biofilm formation,Salmonella enterica subsp. enterica serovar Typhimurium str. LT2,1,0,1,1,0,0,1,0,0,0,0,1,1,0,0,0,0,0,1,1,1,0,0,0,1,2,1,0,0,0,0,0,0,1,0,1,1,1,0,0,0,0,0,1,0
aap/aspU, Dispersin ,Dispersin (VF0215) ,Others (promote dispersal),Escherichia coli O44:H18 042,0,0,0,1,0,0,0,0,0,0,0,0,0,0,0,0,1,0,1,1,0,0,0,0,0,0,0,0,0,0,0,0,0,1,0,1,0,0,0,0,0,0,0,0,0
astA, heat-stable enterotoxin 1 ,EAST1 (VF0216) ,Exotoxin; Membrane-acting toxin; Activator of membrane-bound guanylyl cyclase,Escherichia coli O44:H18 042,0,0,1,1,1,0,0,0,0,0,0,0,0,2,0,0,0,0,1,1,1,0,0,0,1,1,1,0,0,0,0,0,0,3,0,1,1,0,0,0,0,0,0,0,0
yagV/ecpE, E. coli common pilus chaperone EcpE ,ECP (VF0404) ,Adherence; Fimbrial adhesin; Adhesive pili of the chaperone-usher family,Escherichia coli O157:H7 str. EDL933,0,0,0,1,0,0,1,0,0,0,0,1,1,0,0,0,1,0,1,1,2,0,0,0,1,2,1,0,0,0,0,0,0,1,0,1,1,0,0,0,0,0,0,1,0
yagW/ecpD, polymerized tip adhesin of ECP fibers ,ECP (VF0404) ,Adherence; Fimbrial adhesin; Adhesive pili of the chaperone-usher family,Escherichia coli O157:H7 str. EDL933,0,0,0,1,0,0,1,0,0,0,0,0,1,0,0,0,0,0,1,1,0,0,0,0,1,1,1,0,0,0,0,0,0,1,0,1,0,0,0,0,0,0,0,1,0
yagX/ecpC, E. coli common pilus usher EcpC ,ECP (VF0404) ,Adherence; Fimbrial adhesin; Adhesive pili of the chaperone-usher family,Escherichia coli O157:H7 str. EDL933,0,0,0,1,0,0,1,0,0,0,0,1,1,0,0,0,0,0,1,1,0,0,0,0,1,1,1,0,0,0,0,0,0,1,0,1,1,0,0,0,0,0,0,1,0
yagY/ecpB, E. coli common pilus chaperone EcpB ,ECP (VF0404) ,Adherence; Fimbrial adhesin; Adhesive pili of the chaperone-usher family,Escherichia coli O157:H7 str. EDL933,0,0,0,1,0,0,1,0,1,0,0,1,1,0,0,0,1,0,1,1,1,0,0,0,1,1,1,1,0,1,0,0,0,1,0,1,1,0,0,0,0,0,0,1,1
yagZ/ecpA, E. coli common pilus structural subunit EcpA ,ECP (VF0404) ,Adherence; Fimbrial adhesin; Adhesive pili of the chaperone-usher family,Escherichia coli O157:H7 str. EDL933,2,1,0,1,0,0,1,0,1,0,0,1,1,1,0,0,0,0,1,1,1,0,0,0,1,1,1,1,0,1,0,0,0,1,0,1,1,0,0,0,0,0,0,1,1
ykgK/ecpR, regulator protein EcpR ,ECP (VF0404) ,Adherence; Fimbrial adhesin; Adhesive pili of the chaperone-usher family,Escherichia coli O157:H7 str. EDL933,0,0,0,1,0,0,1,0,0,0,0,1,1,0,0,0,0,0,1,1,1,0,0,0,1,1,1,1,0,0,0,0,0,1,0,1,1,0,0,0,0,0,0,1,1
entS, enterobactin exporter iron-regulated ,enterobactin (IA019) ,Nutritional/Metabolic factor; Metal uptake; Iron uptake; Siderophore uptake system,Escherichia coli CFT073,0,0,0,1,0,0,1,0,0,0,0,1,1,0,0,0,0,0,1,1,1,0,0,0,1,2,1,0,0,0,0,0,0,1,0,1,1,0,0,0,0,0,0,1,0
fes, enterobactin/ferric enterobactin esterase ,enterobactin (IA019) ,Nutritional/Metabolic factor; Metal uptake; Iron uptake; Siderophore uptake system,Escherichia coli CFT073,0,0,1,1,0,0,1,0,0,0,0,1,1,0,0,0,0,0,1,1,0,0,0,0,1,2,1,1,0,0,0,0,0,1,0,1,1,0,0,0,0,0,0,1,0
entA, 23-dihydro-23-dihydroxybenzoate dehydrogenase ,Enterobactin (VF0228) ,Nutritional/Metabolic factor; Metal uptake; Iron uptake; Siderophore uptake system,Escherichia coli CFT073,1,0,0,1,0,0,1,1,0,0,0,1,1,1,1,0,1,0,1,1,1,0,0,0,1,2,1,1,0,1,0,0,1,1,0,1,1,1,0,0,0,0,0,1,1
entB, isochorismatase ,Enterobactin (VF0228) ,Nutritional/Metabolic factor; Metal uptake; Iron uptake; Siderophore uptake system,Escherichia coli CFT073,0,0,1,1,0,0,1,0,0,0,0,1,1,1,1,0,1,0,1,1,0,0,0,0,1,4,1,0,0,0,0,0,0,1,0,1,1,0,0,0,0,0,0,1,0
entC, isochorismate synthase 1 ,Enterobactin (VF0228) ,Nutritional/Metabolic factor; Metal uptake; Iron uptake; Siderophore uptake system,Escherichia coli CFT073,0,0,1,1,0,0,1,0,0,0,0,1,1,1,0,0,0,0,1,1,1,0,0,0,1,3,1,0,0,0,0,0,0,1,0,1,2,0,0,0,0,0,0,1,0
entD, phosphopantetheinyl transferase component of enterobactin synthase multienzyme complex ,Enterobactin (VF0228) ,Nutritional/Metabolic factor; Metal uptake; Iron uptake; Siderophore uptake system,Escherichia coli CFT073,0,0,1,1,0,0,1,0,0,0,0,1,1,1,0,0,1,0,1,1,1,0,0,0,1,3,1,0,0,0,0,0,0,1,0,1,1,0,0,0,0,0,0,1,1
entE, 23-dihydroxybenzoate-AMP ligase component of enterobactin synthase multienzyme complex ,Enterobactin (VF0228) ,Nutritional/Metabolic factor; Metal uptake; Iron uptake; Siderophore uptake system,Escherichia coli CFT073,0,0,1,1,0,0,1,0,0,0,0,1,1,1,0,0,1,0,1,1,0,0,0,0,1,2,1,0,0,0,0,0,0,1,0,1,1,0,0,0,0,0,0,1,1
entF, enterobactin synthase multienzyme complex component ATP-dependent ,Enterobactin (VF0228) ,Nutritional/Metabolic factor; Metal uptake; Iron uptake; Siderophore uptake system,Escherichia coli CFT073,0,0,0,1,0,0,1,0,0,0,0,0,1,0,0,0,0,0,1,1,0,0,0,0,0,1,1,0,0,0,0,0,0,1,0,1,1,0,0,0,0,0,0,1,0
fepA, ferrienterobactin outer membrane transporter ,Enterobactin (VF0228) ,Nutritional/Metabolic factor; Metal uptake; Iron uptake; Siderophore uptake system,Escherichia coli CFT073,0,0,1,1,0,0,1,0,0,0,0,1,1,0,0,0,1,0,1,1,0,0,0,0,1,3,1,1,0,0,0,0,0,1,0,1,0,0,0,0,0,0,0,1,0
fepB, ferrienterobactin ABC transporter periplasmic binding protein ,Enterobactin (VF0228) ,Nutritional/Metabolic factor; Metal uptake; Iron uptake; Siderophore uptake system,Escherichia coli CFT073,0,0,0,1,0,0,1,0,0,0,0,0,1,1,1,0,1,0,1,1,1,0,0,0,1,3,1,1,0,0,0,0,0,1,0,1,1,0,0,0,0,0,0,1,0
fepC, ferrienterobactin ABC transporter ATPase ,Enterobactin (VF0228) ,Nutritional/Metabolic factor; Metal uptake; Iron uptake; Siderophore uptake system,Escherichia coli CFT073,0,0,1,1,0,0,1,0,0,0,0,1,1,1,1,0,1,0,1,1,1,0,0,0,1,2,1,1,0,1,0,0,0,1,0,1,1,0,0,0,0,0,0,1,1
fepD, ferrienterobactin ABC transporter permease ,Enterobactin (VF0228) ,Nutritional/Metabolic factor; Metal uptake; Iron uptake; Siderophore uptake system,Escherichia coli CFT073,0,0,1,1,0,0,1,0,0,0,0,1,1,1,1,0,1,0,1,1,0,0,0,0,1,2,1,0,0,0,0,0,0,1,0,1,1,0,0,0,0,0,0,2,0
fepG, iron-enterobactin ABC transporter permease ,Enterobactin (VF0228) ,Nutritional/Metabolic factor; Metal uptake; Iron uptake; Siderophore uptake system,Escherichia coli CFT073,0,0,0,1,0,0,1,1,0,0,0,1,1,1,1,0,1,0,1,1,1,0,0,0,1,2,1,1,0,1,0,0,0,1,0,1,1,0,0,0,0,0,0,2,1
espA, Type III secretion system translocator protein EspA ,EspA (VF0198) ,Effector delivery system; Type III secretion system (T3SS); T3SS components,Escherichia coli O157:H7 str. EDL933,0,0,0,0,0,0,0,0,0,0,0,1,0,0,0,0,0,0,0,0,0,0,0,0,0,0,0,1,0,0,0,0,0,0,0,1,0,0,0,0,0,0,0,0,0
espB, EspB ,EspB (VF0179) ,Effector delivery system; Type III secretion system (T3SS); T3SS components,Escherichia coli O127:H6 str. E2348/69,0,0,0,0,0,0,0,0,0,0,0,0,0,0,0,0,0,0,0,1,1,0,0,0,0,0,0,0,0,0,0,0,0,0,0,0,0,0,0,0,0,0,0,0,0
espD, EspD ,EspD (VF0180) ,Effector delivery system; Type III secretion system (T3SS); T3SS components,Escherichia coli O127:H6 str. E2348/69,0,0,0,0,0,0,0,0,0,0,0,0,0,0,0,0,0,0,0,0,1,0,0,0,0,0,0,1,0,0,0,0,0,0,0,0,0,0,0,0,0,0,0,0,0
espD, Type III secretion system translocator protein EspD pore protein ,EspD (VF0200) ,Effector delivery system; Type III secretion system (T3SS); T3SS components,Escherichia coli O157:H7 str. EDL933,0,0,0,0,0,0,0,0,0,0,0,1,0,0,0,0,0,0,0,0,0,0,0,0,0,0,0,0,0,0,0,0,0,0,0,1,0,0,0,0,0,0,0,0,0
espF, EspF ,EspF (VF0182) ,Effector delivery system; Type III secretion system (T3SS); T3SS components,Escherichia coli O127:H6 str. E2348/69,0,0,0,0,0,0,0,0,0,0,0,1,0,0,0,0,0,0,0,0,0,0,0,0,0,0,0,0,0,0,0,0,0,0,0,1,0,0,0,0,0,0,0,0,0
espF, Type III secretion system effector EspF ,EspF (VF0196) ,Effector delivery system; Type III secretion system (T3SS); T3SS components,Escherichia coli O157:H7 str. EDL933,0,0,0,0,0,0,0,0,0,0,0,0,0,0,0,0,0,0,0,0,0,0,0,0,0,0,0,1,0,0,0,0,0,0,0,0,0,0,0,0,0,0,0,0,0
espG, Type III secretion system effector EspG GTPase activating protein ,EspG (VF0201) ,Effector delivery system; Type III secretion system (T3SS); T3SS components,Escherichia coli O157:H7 str. EDL933,0,0,0,0,0,0,0,0,0,0,0,1,0,0,0,0,0,0,0,0,0,0,0,0,0,0,0,0,0,0,0,0,0,0,0,0,0,0,0,0,0,0,0,0,0
espH, Type III secretion system effector EspH RhoGEF Inhibitor ,EspH (VF0197) ,Effector delivery system; Type III secretion system (T3SS); T3SS components,Escherichia coli O157:H7 str. EDL933,0,0,0,0,0,0,0,0,0,0,0,0,0,0,0,0,0,0,0,0,1,0,0,0,0,0,0,1,0,0,0,0,0,0,0,1,0,0,0,0,0,0,0,0,0
focC, F1C periplasmic chaperone ,F1C fimbriae (VF0224) ,Adherence; Fimbrial adhesin; Adhesive pili of the chaperone-usher family,Escherichia coli CFT073,0,0,0,0,0,0,0,0,0,0,0,0,1,0,0,0,0,0,0,0,0,0,0,0,0,0,0,0,0,0,0,0,0,0,0,0,0,0,0,0,0,0,0,0,0
focD, F1C fimbrial usher ,F1C fimbriae (VF0224) ,Adherence; Fimbrial adhesin; Adhesive pili of the chaperone-usher family,Escherichia coli CFT073,0,0,0,0,0,0,0,0,0,0,0,0,1,0,0,0,0,0,0,0,0,0,0,0,0,0,0,0,0,0,0,0,0,0,0,0,0,0,0,0,0,0,0,0,0
focF, F1C minor fimbrial subunit F precursor ,F1C fimbriae (VF0224) ,Adherence; Fimbrial adhesin; Adhesive pili of the chaperone-usher family,Escherichia coli CFT073,0,0,0,0,0,0,0,0,0,0,0,0,1,0,0,0,0,0,0,0,0,0,0,0,0,0,0,0,0,0,0,0,0,0,0,0,0,0,0,0,0,0,0,0,0
focG, F1C minor fimbrial subunit protein G presursor ,F1C fimbriae (VF0224) ,Adherence; Fimbrial adhesin; Adhesive pili of the chaperone-usher family,Escherichia coli CFT073,0,0,0,0,0,0,0,0,0,0,0,0,1,0,0,0,0,0,0,0,0,0,0,0,0,0,0,0,0,0,0,0,0,0,0,0,0,0,0,0,0,0,0,0,0
focH, F1C Putative fimbrial adhesin precursor ,F1C fimbriae (VF0224) ,Adherence; Fimbrial adhesin; Adhesive pili of the chaperone-usher family,Escherichia coli CFT073,0,0,0,0,0,0,0,0,0,0,0,0,1,0,0,0,0,0,0,0,0,0,0,0,0,0,0,0,0,0,0,0,0,0,0,0,0,0,0,0,0,0,0,0,0
fdeC, adhesin FdeC ,FdeC (VF0506) ,"Adherence; Non-fimbrial adhesin; Autotransporter adhesin
Effector delivery system; Type V secretion system (T5SS) (Autotransporter); Inverse autotransporter (type Ve)",Escherichia coli O45:K1:H7 str. S88,0,0,0,1,0,0,1,0,0,0,0,1,1,0,0,0,0,0,1,1,0,0,0,0,0,1,1,0,0,0,0,0,0,1,0,1,1,0,0,0,0,0,0,0,0
flgD, flagellar basal-body rod modification protein FlgD ,Flagella (VF0394) ,Motility; Flagella-mediated motility; Flagella assembly,Yersinia enterocolitica subsp. enterocolitica 8081,0,0,0,1,0,0,1,0,0,0,0,1,0,0,0,0,0,0,1,1,0,0,0,0,1,0,1,0,0,1,0,0,0,1,0,1,1,0,0,0,0,0,0,0,0
flgG, flagellar basal-body rod protein FlgG ,Flagella (VF0394) ,Motility; Flagella-mediated motility; Flagella assembly,Yersinia enterocolitica subsp. enterocolitica 8081,0,0,0,1,0,0,1,0,0,0,0,0,1,1,0,0,0,0,1,1,0,0,0,0,1,2,1,1,0,0,0,0,0,1,0,1,1,0,0,0,0,0,0,1,0
flgH, flagellar L-ring protein precursor FlgH ,Flagella (VF0394) ,Motility; Flagella-mediated motility; Flagella assembly,Yersinia enterocolitica subsp. enterocolitica 8081,0,0,1,1,0,0,1,0,0,0,0,1,1,1,0,0,1,0,1,1,1,0,0,0,1,2,1,1,0,1,0,0,0,1,0,1,1,0,0,0,0,0,0,1,0
flgM, negative regulator of flagellin synthesis ,Flagella (VF0394) ,Motility; Flagella-mediated motility; Flagella assembly,Yersinia enterocolitica subsp. enterocolitica 8081,0,0,1,1,0,0,1,1,0,0,0,1,1,1,0,0,0,0,1,1,0,0,0,0,1,1,1,1,0,1,0,0,0,1,0,1,1,0,0,0,0,0,0,1,1
flhA, flagellar biosynthesis protein FlhA ,Flagella (VF0394) ,Motility; Flagella-mediated motility; Flagella assembly,Yersinia enterocolitica subsp. enterocolitica 8081,0,0,0,1,0,0,1,0,0,0,0,0,1,0,0,0,0,0,1,0,0,0,0,0,1,1,1,0,0,0,0,0,0,1,0,1,0,0,0,0,0,0,0,1,0
fliG, flagellar motor switch protein G ,Flagella (VF0394) ,Motility; Flagella-mediated motility; Flagella assembly,Yersinia enterocolitica subsp. enterocolitica 8081,1,0,0,1,0,0,1,0,0,0,0,1,1,0,0,0,1,0,1,1,0,0,0,0,1,1,1,1,0,1,0,0,0,1,0,1,1,0,0,0,0,0,0,1,1
fliI, flagellum-specific ATP synthase FliI ,Flagella (VF0394) ,Motility; Flagella-mediated motility; Flagella assembly,Yersinia enterocolitica subsp. enterocolitica 8081,0,0,0,2,0,0,1,0,0,0,0,1,1,1,0,0,0,0,1,1,0,0,0,0,1,1,1,1,0,0,0,0,0,2,0,1,0,0,0,0,0,0,0,1,0
fliM, flagellar motor switch protein FliM ,Flagella (VF0394) ,Motility; Flagella-mediated motility; Flagella assembly,Yersinia enterocolitica subsp. enterocolitica 8081,0,0,1,2,0,0,1,0,0,0,0,1,1,2,1,0,0,0,1,1,0,0,0,0,1,1,1,0,0,1,0,0,0,1,0,1,1,0,0,0,0,0,0,1,0
fliN, flagellar motor switch protein FliN ,Flagella (VF0394) ,Motility; Flagella-mediated motility; Flagella assembly,Yersinia enterocolitica subsp. enterocolitica 8081,0,0,1,2,0,0,1,0,0,0,0,0,1,0,0,0,1,0,1,0,1,0,0,0,1,1,1,1,0,0,0,0,0,2,0,1,1,0,0,0,0,0,0,1,0
fliP, flagellar biosynthetic protein FliP ,Flagella (VF0394) ,Motility; Flagella-mediated motility; Flagella assembly,Yersinia enterocolitica subsp. enterocolitica 8081,0,0,1,2,0,0,1,0,0,0,0,0,1,0,1,0,0,0,1,1,1,0,0,0,1,1,1,1,0,0,0,0,0,2,0,1,1,0,0,0,0,0,0,1,0
estIa, heat stable enterotoxin I ,Heat-stable toxin (ST) (VF0211) ,Exotoxin; Membrane-acting toxin; Activator of membrane-bound guanylyl cyclase,Escherichia coli O78:H11:K80 str. H10407,0,0,0,0,0,0,0,0,0,0,0,0,0,0,0,0,0,0,0,0,0,0,0,0,0,0,0,0,0,0,1,0,0,0,0,0,0,0,0,0,0,0,0,0,0
hlyA, Hemolysin A ,Hemolysin (VF0225) ,Exotoxin; Membrane-acting toxin; Pore forming toxin (PFT),Escherichia coli CFT073,0,0,0,1,0,0,0,0,0,0,0,0,1,0,0,0,0,0,0,1,0,0,0,0,0,0,0,0,0,0,0,0,0,0,0,1,0,0,0,0,0,0,0,0,0
hlyB, Hemolysin B ,Hemolysin (VF0225) ,Exotoxin; Membrane-acting toxin; Pore forming toxin (PFT),Escherichia coli CFT073,0,0,0,1,0,0,0,0,0,0,0,1,1,0,0,0,0,0,0,0,1,0,0,0,0,0,0,1,0,0,0,0,0,0,0,1,0,0,0,0,0,0,0,0,0
hlyC, Hemolysin C ,Hemolysin (VF0225) ,Exotoxin; Membrane-acting toxin; Pore forming toxin (PFT),Escherichia coli CFT073,0,0,0,1,0,0,0,0,0,0,0,1,1,0,0,0,0,0,0,1,0,0,0,0,0,0,0,0,0,0,0,0,0,0,0,1,0,0,0,0,0,0,0,0,0
hlyD, Hemolysin D ,Hemolysin (VF0225) ,Exotoxin; Membrane-acting toxin; Pore forming toxin (PFT),Escherichia coli CFT073,0,0,0,1,0,0,0,0,0,0,0,1,1,0,0,0,0,0,0,0,0,0,0,0,0,0,0,0,0,0,0,0,0,0,0,1,0,1,0,0,0,0,0,0,0
hsiB1/vipA, type VI secretion system tubule-forming protein VipA ,HSI-I (VF0334) ,Effector delivery system; Type VI secretion system (T6SS); T6SS components,Pseudomonas aeruginosa PAO1,0,0,0,0,0,0,0,0,0,0,0,0,0,0,1,0,0,0,0,0,0,0,0,0,0,0,0,0,0,0,0,0,0,0,0,0,0,0,0,0,0,0,0,0,0
hsiC1/vipB, type VI secretion system tubule-forming protein VipB ,HSI-I (VF0334) ,Effector delivery system; Type VI secretion system (T6SS); T6SS components,Pseudomonas aeruginosa PAO1,0,0,0,0,0,0,0,0,0,0,0,0,0,0,1,0,0,0,0,0,0,0,0,0,0,0,0,0,0,0,0,0,0,0,0,0,0,0,0,0,0,0,0,0,0
hasC, UDP-glucose pyrophosphorylase ,Hyaluronic acid capsule (VF0244) ,Immune modulation; Antiphagocytosis,Streptococcus pyogenes M1 GAS,0,0,0,0,0,0,0,0,0,0,0,0,0,0,0,1,0,0,1,0,0,0,0,0,1,2,0,0,1,0,0,0,1,0,0,0,0,0,0,0,0,0,0,0,0
ibeA, invasion protein IbeA ,Ibes (VF0237) ,Invasion,Escherichia coli O18:K1:H7 str. RS218,0,0,0,0,0,0,0,0,0,0,0,0,1,0,0,0,0,0,0,0,0,0,0,0,0,0,0,0,0,0,0,0,0,0,0,0,0,0,0,0,0,0,0,1,0
ibp, iota toxin component Ib ,iota-toxin (VF0381) ,Exotoxin; Intracellularly active toxin; ADP-ribosyltransferase (ADPRT),Clostridium perfringens E str. NCIB 10748,0,0,0,0,0,0,0,0,0,0,0,0,0,0,0,0,0,0,0,0,0,0,0,0,0,0,0,0,0,0,0,0,0,0,0,0,0,0,1,0,0,0,0,0,0
iroN, salmochelin receptor IroN ,IroN (VF0230) ,Nutritional/Metabolic factor; Metal uptake; Iron uptake; Siderophore uptake system,Escherichia coli CFT073,0,0,0,0,0,0,0,0,0,0,0,0,1,0,0,0,0,0,0,0,0,0,0,0,0,0,0,0,0,0,0,0,0,0,0,0,0,0,0,0,0,0,0,0,0
kpsD, KpsD ,K1 capsule (VF0239) ,Invasion,Escherichia coli O18:K1:H7 str. RS218,0,0,0,1,0,0,0,0,0,0,0,0,1,1,0,0,0,0,0,0,0,0,0,0,0,1,0,0,0,0,0,0,0,1,0,0,1,0,0,0,0,0,0,1,0
kpsM, KpsM ,K1 capsule (VF0239) ,Invasion,Escherichia coli O18:K1:H7 str. RS218,0,0,0,1,0,0,0,1,0,0,0,0,1,0,0,0,0,0,0,0,0,0,0,0,0,1,0,0,0,1,0,0,0,1,0,0,1,0,0,0,0,0,0,1,0
kpsT, KpsT ,K1 capsule (VF0239) ,Invasion,Escherichia coli O18:K1:H7 str. RS218,0,0,0,0,0,0,0,0,0,0,0,0,1,1,0,0,0,0,0,0,0,0,0,0,0,1,0,0,0,0,0,0,0,0,0,0,1,0,0,0,0,0,0,0,0
cesD2, chaperone for EspD ,LEE encoded T3SS (SS020) ,Effector delivery system; Type III secretion system (T3SS); T3SS components,Escherichia coli O157:H7 str. EDL933,0,0,0,0,0,0,0,0,0,0,0,1,0,0,0,0,0,0,0,1,1,0,0,0,0,0,0,0,0,0,0,0,0,0,0,1,0,0,0,0,0,0,0,0,0
cesL, chaperone for SepL ,LEE encoded T3SS (SS020) ,Effector delivery system; Type III secretion system (T3SS); T3SS components,Escherichia coli O157:H7 str. EDL933,0,0,0,0,0,0,0,0,0,0,0,0,0,0,0,0,0,0,0,0,0,0,0,0,0,0,0,1,0,0,0,0,0,0,0,0,0,0,0,0,0,0,0,0,0
cesT, multieffector chaperone ,LEE encoded T3SS (SS020) ,Effector delivery system; Type III secretion system (T3SS); T3SS components,Escherichia coli O157:H7 str. EDL933,0,0,0,0,0,0,0,0,0,0,0,1,0,0,0,0,0,0,0,0,0,0,0,0,0,0,0,1,0,0,0,0,0,0,0,0,0,0,0,0,0,0,0,0,0
escE, chaperone for EscF ,LEE encoded T3SS (SS020) ,Effector delivery system; Type III secretion system (T3SS); T3SS components,Escherichia coli O157:H7 str. EDL933,0,0,0,0,0,0,0,0,0,0,0,1,0,0,0,0,0,0,0,0,0,0,0,0,0,0,0,0,0,0,0,0,0,0,0,0,0,0,0,0,0,0,0,0,0
escG, chaperone for EscF ,LEE encoded T3SS (SS020) ,Effector delivery system; Type III secretion system (T3SS); T3SS components,Escherichia coli O157:H7 str. EDL933,0,0,0,0,0,0,0,0,0,0,0,0,0,0,0,0,0,0,0,0,0,0,0,0,0,0,0,1,0,0,0,0,0,0,0,0,0,0,0,0,0,0,0,0,0
escI, Type III secretion system inner rod component EscI ,LEE encoded T3SS (SS020) ,Effector delivery system; Type III secretion system (T3SS); T3SS components,Escherichia coli O157:H7 str. EDL933,0,0,0,0,0,0,0,0,0,0,0,1,0,0,0,0,0,0,0,0,0,0,0,0,0,0,0,1,0,0,0,0,0,0,0,0,0,0,0,0,0,0,0,0,0
escO, positive regulator EscO ,LEE encoded T3SS (SS020) ,Effector delivery system; Type III secretion system (T3SS); T3SS components,Escherichia coli O157:H7 str. EDL933,0,0,0,0,0,0,0,0,0,0,0,1,0,0,0,0,0,0,0,0,1,0,0,0,0,0,0,1,0,0,0,0,0,0,0,1,0,0,0,0,0,0,0,0,0
escP, Type III secretion system needle length regulator EscP ,LEE encoded T3SS (SS020) ,Effector delivery system; Type III secretion system (T3SS); T3SS components,Escherichia coli O157:H7 str. EDL933,0,0,0,0,0,0,0,0,0,0,0,1,0,0,0,0,0,0,0,0,0,0,0,0,0,0,0,1,0,0,0,0,0,0,0,1,0,0,0,0,0,0,0,0,0
espK, Type III secretion system effector EspK ,LEE encoded T3SS (SS020) ,Effector delivery system; Type III secretion system (T3SS); T3SS components,Escherichia coli O157:H7 str. EDL933,0,0,0,0,0,0,0,0,0,0,0,1,0,0,0,0,0,0,0,0,0,0,0,0,0,0,0,0,0,0,0,0,0,0,0,0,0,0,0,0,0,0,0,0,0
espL1, Type III secretion system effector espL1 ,LEE encoded T3SS (SS020) ,Effector delivery system; Type III secretion system (T3SS); T3SS components,Escherichia coli O157:H7 str. EDL933,0,0,0,1,0,0,1,0,0,0,0,0,0,0,0,0,0,0,1,1,0,0,0,0,1,1,1,0,0,0,0,0,0,1,0,1,0,0,0,0,0,0,0,0,0
espL4, Type III secretion system effector EspL4 ,LEE encoded T3SS (SS020) ,Effector delivery system; Type III secretion system (T3SS); T3SS components,Escherichia coli O157:H7 str. EDL933,0,0,0,1,0,0,1,0,0,0,0,1,0,0,0,0,1,0,1,1,0,0,0,0,1,1,1,0,0,0,0,0,0,1,0,1,1,0,0,0,0,0,0,0,1
espM2, Type III secretion system effector EspM2 Rho guanine exchange factor ,LEE encoded T3SS (SS020) ,Effector delivery system; Type III secretion system (T3SS); T3SS components,Escherichia coli O157:H7 str. EDL933,0,0,0,0,0,0,0,0,0,0,0,0,0,0,0,0,0,0,0,0,0,0,0,0,0,0,0,0,0,0,0,0,0,0,0,1,0,0,0,0,0,0,0,0,0
espR1, Type III secretion system effector espR1 ,LEE encoded T3SS (SS020) ,Effector delivery system; Type III secretion system (T3SS); T3SS components,Escherichia coli O157:H7 str. EDL933,0,0,0,1,0,0,1,0,0,0,0,0,0,0,0,0,1,0,1,1,0,0,0,0,0,1,1,0,0,0,0,0,0,1,0,1,1,0,0,0,0,0,0,0,0
espR3, Type III secretion system effector espR3 ,LEE encoded T3SS (SS020) ,Effector delivery system; Type III secretion system (T3SS); T3SS components,Escherichia coli O157:H7 str. EDL933,0,0,0,0,0,0,0,0,0,0,0,0,0,0,0,0,0,0,0,0,0,0,0,0,0,0,0,0,0,0,0,0,0,1,0,0,0,0,0,0,0,0,0,0,0
espR4, Type III secretion system effector espR4 ,LEE encoded T3SS (SS020) ,Effector delivery system; Type III secretion system (T3SS); T3SS components,Escherichia coli O157:H7 str. EDL933,0,0,0,0,0,0,0,0,0,0,0,0,0,0,0,0,0,0,0,0,0,0,0,0,0,0,0,0,0,0,0,0,0,1,0,0,0,0,0,0,0,0,0,0,0
espT, Type III secretion system effector EspT Rho guanine exchange factor ,LEE encoded T3SS (SS020) ,Effector delivery system; Type III secretion system (T3SS); T3SS components,Escherichia coli ONT:H- str. FV11678,0,0,0,0,0,0,0,0,0,0,0,0,0,0,0,0,0,0,0,0,0,0,0,0,0,0,0,0,0,0,0,0,0,0,0,1,0,0,0,0,0,0,0,0,0
espX1, Type III secretion system effector EspX1 ,LEE encoded T3SS (SS020) ,Effector delivery system; Type III secretion system (T3SS); T3SS components,Escherichia coli O157:H7 str. EDL933,0,0,0,1,0,0,1,0,0,0,0,0,0,0,0,0,0,0,1,1,0,0,0,0,0,2,1,0,0,0,0,0,0,1,0,1,1,0,0,0,0,0,0,0,1
espX4, Type III secretion system effector EspX4 ,LEE encoded T3SS (SS020) ,Effector delivery system; Type III secretion system (T3SS); T3SS components,Escherichia coli O157:H7 str. EDL933,0,0,0,1,0,0,1,0,0,0,0,0,0,0,0,0,0,0,1,1,0,0,0,0,1,2,1,1,0,0,0,0,0,1,0,1,1,0,0,0,0,0,0,0,1
espX5, Type III secretion system effector EspX5 ,LEE encoded T3SS (SS020) ,Effector delivery system; Type III secretion system (T3SS); T3SS components,Escherichia coli O157:H7 str. EDL933,0,0,1,1,0,0,1,0,0,0,0,0,1,0,0,0,1,0,1,1,0,0,0,0,2,2,1,0,0,0,0,0,0,1,0,1,1,0,0,0,0,0,0,0,1
espY1, Type III secretion system effector EspY1 ,LEE encoded T3SS (SS020) ,Effector delivery system; Type III secretion system (T3SS); T3SS components,Escherichia coli O157:H7 str. EDL933,0,0,1,1,0,0,1,0,0,0,0,1,0,0,0,0,0,0,1,1,0,0,0,0,0,2,1,0,0,0,0,0,0,1,0,1,1,0,0,0,0,0,0,0,1
espY2, Type III secretion system effector EspY2 ,LEE encoded T3SS (SS020) ,Effector delivery system; Type III secretion system (T3SS); T3SS components,Escherichia coli O157:H7 str. EDL933,0,0,0,0,0,0,0,0,0,0,0,0,0,0,0,0,0,0,0,0,0,0,0,0,0,2,0,0,0,0,0,0,0,0,0,0,0,0,0,0,0,0,0,0,0
espY3, Type III secretion system effector EspY3 ,LEE encoded T3SS (SS020) ,Effector delivery system; Type III secretion system (T3SS); T3SS components,Escherichia coli O157:H7 str. EDL933,0,0,0,0,0,0,0,0,0,0,0,0,0,0,0,0,0,0,0,0,0,0,0,0,0,1,0,0,0,0,0,0,0,0,0,0,0,0,0,0,0,0,0,0,0
espY4, Type III secretion system effector EspY4 ,LEE encoded T3SS (SS020) ,Effector delivery system; Type III secretion system (T3SS); T3SS components,Escherichia coli O157:H7 str. EDL933,0,0,0,0,0,0,0,0,0,0,0,0,0,0,0,0,0,0,0,0,0,0,0,0,0,1,0,0,0,0,0,0,0,0,0,0,0,0,0,0,0,0,0,0,0
etgA, T3SS-associated peptidoglycan lytic enzyme  ,LEE encoded T3SS (SS020) ,Effector delivery system; Type III secretion system (T3SS); T3SS components,Escherichia coli O157:H7 str. EDL933,0,0,0,0,0,0,0,0,0,0,0,1,0,0,0,0,0,0,0,0,0,0,0,0,0,0,0,0,0,0,0,0,0,0,0,0,0,0,0,0,0,0,0,0,0
nleF, Type III secretion system effector NleF caspase inhibitor ,LEE encoded T3SS (SS020) ,Effector delivery system; Type III secretion system (T3SS); T3SS components,Escherichia coli O157:H7 str. EDL933,0,0,0,0,0,0,0,0,0,0,0,0,0,0,0,0,0,0,0,0,0,0,0,0,0,0,0,1,0,0,0,0,0,0,0,1,0,0,0,0,0,0,0,0,0
nleG7', Type III secretion system effector NleG7 E3 Ubiquitin Ligase ,LEE encoded T3SS (SS020) ,Effector delivery system; Type III secretion system (T3SS); T3SS components,Escherichia coli O157:H7 str. EDL933,0,0,0,0,0,0,0,0,0,0,0,0,0,0,0,0,0,0,0,0,0,0,0,0,0,0,0,0,0,0,0,0,0,1,0,0,0,0,0,0,0,0,0,0,0
nleH2, Type III secretion system effector NleH2 ,LEE encoded T3SS (SS020) ,Effector delivery system; Type III secretion system (T3SS); T3SS components,Escherichia coli O157:H7 str. EDL933,0,0,0,0,0,0,0,0,0,0,0,0,0,0,0,0,0,0,0,0,0,0,0,0,0,0,0,1,0,0,0,0,0,0,0,1,0,0,0,0,0,0,0,0,0
sepD, Type III secretion system secretion switch protein SepD ,LEE encoded T3SS (SS020) ,Effector delivery system; Type III secretion system (T3SS); T3SS components,Escherichia coli O157:H7 str. EDL933,0,0,0,0,0,0,0,0,0,0,0,1,0,0,0,0,0,0,0,0,0,0,0,0,0,0,0,1,0,0,0,0,0,0,0,1,0,0,0,0,0,0,0,0,0
galE, UDP-glucose 4-epimerase ,LOS (CVF494) ,Immune modulation; Inflammatory signaling pathway,Haemophilus influenzae Rd KW20,0,0,0,0,0,0,0,0,0,0,0,0,0,0,1,0,0,0,0,0,0,0,0,0,0,1,0,0,0,0,0,0,0,0,0,0,0,0,0,0,0,0,1,0,0
galU, glucosephosphate uridylyltransferase ,LOS (CVF494) ,Immune modulation; Inflammatory signaling pathway,Haemophilus influenzae Rd KW20,0,0,0,0,0,0,0,0,0,0,0,0,0,0,1,0,0,0,0,0,0,0,0,0,0,0,0,0,0,0,0,0,0,0,0,0,0,0,0,0,0,0,1,0,0
gmhA/lpcA, phosphoheptose isomerase ,LOS (CVF494) ,Immune modulation; Inflammatory signaling pathway,Haemophilus influenzae Rd KW20,0,0,0,0,0,0,0,0,0,0,0,1,0,0,1,0,0,0,0,0,0,0,0,0,0,0,0,0,0,0,0,0,0,0,0,0,0,0,0,0,0,0,0,0,0
htrB, lipid A biosynthesis lauroyl acyltransferase ,LOS (CVF494) ,Immune modulation; Inflammatory signaling pathway,Haemophilus influenzae Rd KW20,0,0,0,0,0,0,0,0,0,0,0,0,0,0,1,0,0,0,0,0,0,0,0,0,0,0,0,0,0,0,0,0,0,0,0,0,0,0,0,0,0,0,0,0,0
kdsA, 2-dehydro-3-deoxyphosphooctonate aldolase ,LOS (CVF494) ,Immune modulation; Inflammatory signaling pathway,Haemophilus influenzae Rd KW20,0,0,0,0,0,0,0,0,0,0,0,1,0,0,1,0,0,0,0,0,0,0,0,0,0,1,0,0,0,0,0,0,0,0,0,0,0,0,0,0,0,0,0,0,0
kdsB, 3-deoxy-manno-octulosonate cytidylyltransferase ,LOS (CVF494) ,Immune modulation; Inflammatory signaling pathway,Haemophilus influenzae Rd KW20,0,0,0,0,0,0,0,0,0,0,0,0,0,0,1,0,0,0,0,0,0,0,0,0,0,0,0,0,0,0,0,0,0,0,0,0,0,0,0,0,0,0,0,0,0
lgtF, beta-14-glucosyltransferase ,LOS (CVF494) ,Immune modulation; Inflammatory signaling pathway,Haemophilus influenzae Rd KW20,0,0,0,0,0,0,0,0,0,0,0,0,0,0,1,1,0,0,0,0,0,0,0,0,0,0,0,0,0,0,0,0,0,0,0,0,0,0,0,0,0,0,1,0,0
lpxA, UDP-N-acetylglucosamine acyltransferase ,LOS (CVF494) ,Immune modulation; Inflammatory signaling pathway,Haemophilus influenzae Rd KW20,0,0,0,0,0,0,0,0,0,0,0,0,0,0,1,0,0,0,0,0,0,0,0,0,0,0,0,0,0,0,0,0,0,0,0,0,0,0,0,0,0,0,1,0,0
lpxB, lipid-A-disaccharide synthase ,LOS (CVF494) ,Immune modulation; Inflammatory signaling pathway,Haemophilus influenzae Rd KW20,0,0,0,0,0,0,0,0,0,0,0,1,0,0,0,0,0,0,0,0,0,0,0,0,0,0,0,0,0,0,0,0,0,0,0,0,0,0,0,0,0,0,0,0,0
lpxC,UDP-3-O-(R-3-hydroxymyristoyl)-N-acetylglucosamine deacetylase,LOS (CVF494) ,Immune modulation; Inflammatory signaling pathway,Haemophilus influenzae Rd KW20,0,0,0,0,0,0,0,0,0,0,0,0,0,0,1,0,0,0,0,0,0,0,0,0,0,0,0,0,0,0,0,0,0,0,0,0,0,0,0,0,0,0,1,0,0
lpxD,UDP-3-O-(3-hydroxymyristoyl) glucosamine N-acyltransferase,LOS (CVF494) ,Immune modulation; Inflammatory signaling pathway,Haemophilus influenzae Rd KW20,0,0,0,0,0,0,0,0,0,0,0,0,0,0,1,0,0,0,0,0,0,0,0,0,0,1,0,0,0,0,0,0,0,0,0,0,0,0,0,0,0,0,0,0,0
lpxH, UDP-23-diacylglucosamine pyrophosphohydrolase ,LOS (CVF494) ,Immune modulation; Inflammatory signaling pathway,Haemophilus influenzae Rd KW20,0,0,0,0,0,0,0,0,0,0,0,1,0,0,0,0,0,0,0,0,0,0,0,0,0,0,0,0,0,0,0,0,0,0,0,0,0,0,0,0,0,0,0,0,0
lpxK, tetraacyldisaccharide 4'-kinase ,LOS (CVF494) ,Immune modulation; Inflammatory signaling pathway,Haemophilus influenzae Rd KW20,0,0,0,0,0,0,0,0,0,0,0,1,0,0,1,0,0,0,0,0,0,0,0,0,0,0,0,0,0,0,0,0,0,0,0,0,0,0,0,0,0,0,0,0,0
lsgE, glycosyltransferase ,LOS (CVF494) ,Immune modulation; Inflammatory signaling pathway,Haemophilus influenzae Rd KW20,0,0,0,0,0,0,0,0,0,0,0,0,0,0,1,1,0,0,0,0,0,0,0,0,0,0,0,0,0,0,0,0,0,0,0,0,0,0,0,0,0,0,1,0,0
msbB,lipid A biosynthesis (KDO)2-(lauroyl)-lipid IVA acyltransferase,LOS (CVF494) ,Immune modulation; Inflammatory signaling pathway,Haemophilus influenzae Rd KW20,0,0,0,0,0,0,0,0,0,0,0,0,0,0,1,0,0,0,0,0,0,0,0,0,0,1,0,0,0,0,0,0,0,0,0,0,0,0,0,0,0,0,0,0,0
orfM, deoxyribonucleotide triphosphate pyrophosphatase ,LOS (CVF494) ,Immune modulation; Inflammatory signaling pathway,Haemophilus influenzae Rd KW20,0,0,0,0,0,0,0,0,0,0,0,1,0,0,1,0,0,0,0,0,0,0,0,0,0,1,0,0,0,0,0,0,0,0,0,0,0,0,0,0,1,0,1,0,0
rfaF, ADP-heptose-LPS heptosyltransferase II ,LOS (CVF494) ,Immune modulation; Inflammatory signaling pathway,Haemophilus influenzae Rd KW20,0,0,0,0,0,0,0,0,0,0,0,1,0,0,0,0,0,0,0,0,0,0,0,0,0,0,0,0,0,0,0,0,0,0,0,0,0,0,0,0,0,0,1,0,0
rffG, dTDP-glucose 46-dehydratase ,LOS (CVF494) ,Immune modulation; Inflammatory signaling pathway,Haemophilus influenzae Rd KW20,0,0,0,0,0,0,0,0,0,0,0,0,0,0,1,0,0,0,0,0,0,0,0,0,0,0,0,0,0,0,0,0,0,0,0,0,0,0,0,0,0,0,0,0,0
waaQ, heptosyltransferase-like protein ,LOS (CVF494) ,Immune modulation; Inflammatory signaling pathway,Haemophilus influenzae Rd KW20,0,0,0,0,0,0,0,0,0,0,0,0,0,0,0,0,0,0,0,0,0,0,0,0,0,1,0,0,0,0,0,0,0,0,0,0,0,0,0,0,0,0,1,0,0
wecA, undecaprenyl-phosphate alpha-N-acetylglucosaminyltransferase ,LOS (CVF494) ,Immune modulation; Inflammatory signaling pathway,Haemophilus influenzae Rd KW20,0,0,0,0,0,0,0,0,0,0,0,1,0,0,0,0,0,0,0,0,0,0,0,0,0,1,0,0,0,0,0,0,0,0,0,0,0,0,0,0,0,0,1,0,0
yhxB/manB, phosphomannomutase ,LOS (CVF494) ,Immune modulation; Inflammatory signaling pathway,Haemophilus influenzae Rd KW20,0,0,0,0,0,0,0,0,0,0,0,1,0,0,0,0,0,0,0,0,0,0,0,0,0,0,0,0,0,0,0,0,0,0,0,0,0,0,0,0,0,0,0,0,0
rfaD, ADP-L-glycero-D-mannoheptose-6-epimerase ,LOS (VF0044) ,Immune modulation; Inflammatory signaling pathway,Haemophilus influenzae Rd KW20,0,0,0,0,0,0,0,0,0,0,0,1,0,0,1,0,0,0,0,0,0,0,0,0,0,0,0,0,0,0,0,0,0,0,0,0,0,0,0,0,1,0,2,0,0
acpXL, acyl carrier protein ,LPS (CVF383) ,Immune modulation; Inflammatory signaling pathway,Brucella melitensis bv. 1 str. 16M,0,0,0,0,0,0,0,0,0,0,0,0,0,0,0,0,0,0,0,1,0,0,0,0,0,0,0,0,0,0,0,0,0,0,0,0,0,0,0,1,0,0,0,0,0
gtrA, bactoprenol-linked glucose translocase/flippase ,LPS (VF0124) ,Immune modulation; Inflammatory signaling pathway,Shigella flexneri 2a str. 301,0,0,0,0,0,0,1,0,0,0,0,0,0,0,1,0,0,0,0,0,0,0,0,0,0,1,0,0,0,0,0,0,0,1,0,1,0,0,0,0,0,0,0,0,1
gtrB, bactoprenol glucosyl transferase ,LPS (VF0124) ,Immune modulation; Inflammatory signaling pathway,Shigella flexneri 2a str. 301,0,0,0,0,0,0,1,0,0,0,0,0,0,0,1,0,0,0,0,0,0,0,0,0,0,0,0,0,0,0,0,0,0,0,0,1,0,0,0,0,0,0,0,0,0
map, Type III secretion system effector Map Rho guanine exchange factor ,Map (VF0195) ,Effector delivery system; Type III secretion system (T3SS); T3SS effectors,Escherichia coli O157:H7 str. EDL933,0,0,0,0,0,0,0,0,0,0,0,1,0,0,0,0,0,0,0,0,0,0,0,0,0,0,0,0,0,0,0,0,0,0,0,0,0,0,0,0,0,0,0,0,0
mgtC, Mg2+ transport protein ,MgtBC (VF0106) ,Nutritional/Metabolic factor; Metal uptake; Magnesium uptake,Salmonella enterica subsp. enterica serovar Typhimurium str. LT2,0,0,0,0,0,0,0,0,0,0,0,0,0,0,0,0,0,0,0,0,0,0,0,0,0,0,0,0,0,0,0,0,0,0,0,0,0,0,0,0,0,0,0,0,0
gmd, GDP-mannose 46-dehydratase ,O-antigen (VF0392) ,Immune modulation; Inflammatory signaling pathway,Yersinia enterocolitica subsp. enterocolitica 8081,0,0,0,0,0,0,0,0,0,0,0,0,0,0,0,0,0,0,0,0,0,0,0,0,0,0,0,0,0,0,0,0,0,0,0,0,0,0,0,0,0,0,0,0,0
ompA, outer membrane protein A ,OmpA (VF0236) ,Invasion,Escherichia coli O18:K1:H7 str. RS218,0,0,0,1,0,0,1,0,0,0,0,1,1,1,1,0,1,0,1,1,0,0,0,0,1,2,1,0,0,1,0,0,0,1,0,1,1,0,0,0,0,0,0,1,0
papX, PapX protein regulates flagellum synthesis to repress motility ,P fimbriae (CVF425) ,Adherence; Fimbrial adhesin; Adhesive pili of the chaperone-usher family,Escherichia coli CFT073,0,0,0,3,0,0,0,0,0,0,0,1,0,0,0,0,0,0,0,0,0,0,0,0,0,1,0,0,0,0,0,0,0,1,0,0,1,0,0,0,0,0,0,0,0
papB, regulatory protein PapB ,P fimbriae (VF0220) ,Adherence; Fimbrial adhesin; Adhesive pili of the chaperone-usher family,Escherichia coli CFT073,0,0,0,0,0,0,0,0,0,0,0,0,0,0,0,0,0,0,0,0,1,0,0,0,0,1,0,0,0,0,0,0,0,1,0,0,1,0,0,0,0,0,0,0,0
papC, usher protein PapC ,P fimbriae (VF0220) ,Adherence; Fimbrial adhesin; Adhesive pili of the chaperone-usher family,Escherichia coli CFT073,0,0,0,0,0,0,0,0,0,0,0,0,0,0,0,0,0,0,0,0,0,0,0,0,0,1,0,0,0,0,0,0,0,0,0,0,0,0,0,0,0,0,0,0,0
papD, chaperone protein PapD ,P fimbriae (VF0220) ,Adherence; Fimbrial adhesin; Adhesive pili of the chaperone-usher family,Escherichia coli CFT073,0,0,0,0,0,0,0,0,0,0,0,0,0,0,0,0,0,0,0,0,1,0,0,0,0,1,0,0,0,0,0,0,0,0,0,0,1,0,0,0,0,0,0,0,0
papE, P pilus minor subunit PapE ,P fimbriae (VF0220) ,Adherence; Fimbrial adhesin; Adhesive pili of the chaperone-usher family,Escherichia coli CFT073,0,0,0,1,0,0,1,0,0,0,0,0,0,0,0,0,0,0,0,0,0,0,0,0,0,1,0,0,0,0,0,0,0,0,0,0,1,0,0,0,0,0,0,0,0
papF, P pilus minor subunit PapF  ,P fimbriae (VF0220) ,Adherence; Fimbrial adhesin; Adhesive pili of the chaperone-usher family,Escherichia coli CFT073,0,0,0,1,0,0,0,0,0,0,0,0,0,0,0,0,0,0,0,0,0,0,0,0,0,1,0,0,0,0,0,0,0,0,0,0,1,0,0,0,0,0,0,0,0
papG, P pilus tip adhesin PapG ,P fimbriae (VF0220) ,Adherence; Fimbrial adhesin; Adhesive pili of the chaperone-usher family,Escherichia coli CFT073,0,0,0,1,0,0,0,0,0,0,0,0,0,0,0,0,0,0,0,0,0,0,0,0,0,0,0,0,0,0,0,0,0,0,0,0,0,0,0,0,0,0,0,0,0
papH, P pilus termination subunit PapH ,P fimbriae (VF0220) ,Adherence; Fimbrial adhesin; Adhesive pili of the chaperone-usher family,Escherichia coli CFT073,0,0,0,0,0,0,0,0,0,0,0,0,0,0,0,0,0,0,0,0,1,0,0,0,0,1,0,0,0,0,0,0,0,0,0,0,1,0,0,0,0,0,0,0,0
papI, regulatory protein PapI ,P fimbriae (VF0220) ,Adherence; Fimbrial adhesin; Adhesive pili of the chaperone-usher family,Escherichia coli CFT073,0,0,0,0,0,0,0,0,0,0,0,1,0,0,0,0,0,0,0,0,0,0,0,0,0,1,0,0,0,0,0,0,0,1,0,0,1,0,0,0,0,0,0,0,0
papJ, P pilus assembly protein PapJ ,P fimbriae (VF0220) ,Adherence; Fimbrial adhesin; Adhesive pili of the chaperone-usher family,Escherichia coli CFT073,0,0,0,0,0,0,0,0,0,0,0,0,0,0,0,0,0,0,0,1,1,0,0,0,0,1,0,0,0,0,0,0,0,0,0,0,1,0,0,0,0,0,0,0,0
papK, P pilus minor subunit PapK ,P fimbriae (VF0220) ,Adherence; Fimbrial adhesin; Adhesive pili of the chaperone-usher family,Escherichia coli CFT073,0,0,0,1,0,0,0,0,0,0,0,0,0,0,0,0,0,0,0,0,0,0,0,0,0,1,0,0,0,0,0,0,0,0,0,0,1,0,0,0,0,0,0,0,0
ompP5,outer membrane protein P5 (ompA) human factor H binding protein,P5 protein (VF0041) ,Adherence; Non-fimbrial adhesin; Cell wall anchored protein,Haemophilus influenzae Rd KW20,0,0,0,0,0,0,0,0,0,0,0,1,0,0,1,0,0,0,0,0,0,0,0,0,0,0,0,0,0,0,0,0,0,0,0,0,0,0,0,0,0,0,1,0,0
paa, outer membrane adhesin Paa ,Paa (VF0194) ,Adherence; Non-fimbrial adhesin,Escherichia coli O157:H7 str. EDL933,0,0,0,0,0,0,0,0,0,0,0,0,0,0,0,0,0,0,0,0,0,0,0,0,0,0,0,0,0,0,0,0,0,1,0,0,0,0,0,0,0,0,0,0,0
cheB, chemotaxis-specific methylesterase CheB ,peritrichous flagella (AI145) ,Motility; Flagella-mediated motility; Flagella assembly,Yersinia enterocolitica subsp. enterocolitica 8081,0,0,0,0,0,0,0,0,0,0,0,1,0,1,0,0,0,0,0,0,0,0,0,0,0,1,0,0,0,0,0,0,0,0,0,0,0,0,0,0,0,0,0,0,0
cheW, purine-binding chemotaxis protein CheW ,peritrichous flagella (AI145) ,Motility; Flagella-mediated motility; Flagella assembly,Yersinia enterocolitica subsp. enterocolitica 8081,0,0,0,0,0,0,0,0,0,0,0,0,1,0,0,0,0,0,0,0,0,0,0,0,0,0,0,0,0,0,0,0,0,0,0,0,0,0,0,0,0,0,0,0,0
cheY, chemotaxis regulatory protein CheY ,peritrichous flagella (AI145) ,Motility; Flagella-mediated motility; Flagella assembly,Yersinia enterocolitica subsp. enterocolitica 8081,1,0,1,1,0,0,1,0,0,0,0,0,1,1,0,0,1,0,1,1,0,0,0,0,1,2,1,1,0,1,0,0,0,2,0,1,1,0,0,0,0,0,0,1,1
motA, flagellar motor protein MotA ,peritrichous flagella (AI145) ,Motility; Flagella-mediated motility; Flagella assembly,Yersinia enterocolitica subsp. enterocolitica 8081,0,0,0,0,0,0,0,0,0,0,0,0,0,0,0,0,1,0,0,0,0,0,0,0,0,1,0,0,0,0,0,0,0,0,0,0,0,1,0,0,0,0,0,0,0
pet, Pet serine protease precursor autotransporter ,Pet (VF0217) ,Effector delivery system; Type V secretion system (T5SS) (Autotransporter); Classical autotransporter (type Va); SPATE,Escherichia coli O44:H18 042,0,0,0,0,0,0,0,0,0,0,0,1,0,0,0,0,0,0,0,0,0,0,0,0,0,0,0,0,0,0,0,0,0,0,0,0,0,0,0,0,0,0,0,0,0
pic, Pic serine protease precursor autotransporter ,Pic (VF0218) ,Effector delivery system; Type V secretion system (T5SS) (Autotransporter); Classical autotransporter (type Va); SPATE,Escherichia coli O44:H18 042,0,0,0,1,0,0,0,0,0,0,0,0,0,0,0,0,0,0,1,0,0,0,0,0,0,0,0,0,0,0,0,0,0,0,0,0,0,0,0,0,0,0,0,0,0
sfaA, S-fimbrial major subunit SfaA ,S fimbriae (VF0222) ,Adherence; Fimbrial adhesin; Adhesive pili of the chaperone-usher family,Escherichia coli UTI89,0,0,0,0,0,0,0,0,0,0,0,0,2,0,0,0,0,0,0,0,0,0,0,0,0,0,0,0,0,0,0,0,0,0,0,0,0,0,0,0,0,0,0,0,0
sfaB, S fimbrial switch regulatory protein SfaB ,S fimbriae (VF0222) ,Adherence; Fimbrial adhesin; Adhesive pili of the chaperone-usher family,Escherichia coli UTI89,0,0,0,0,0,0,0,0,0,0,0,0,1,0,0,0,0,0,0,0,0,0,0,0,0,0,0,0,0,0,0,0,0,0,0,0,0,0,0,0,0,0,0,0,0
sfaC, S fimbrial switch regulatory protein SfaC ,S fimbriae (VF0222) ,Adherence; Fimbrial adhesin; Adhesive pili of the chaperone-usher family,Escherichia coli UTI89,0,0,0,0,0,0,0,0,0,0,0,0,2,0,0,0,0,0,0,0,0,0,0,0,0,0,0,0,0,0,0,0,0,0,0,0,0,0,0,0,0,0,0,0,0
sfaD, S fimbriae minor subunit SfaD ,S fimbriae (VF0222) ,Adherence; Fimbrial adhesin; Adhesive pili of the chaperone-usher family,Escherichia coli UTI89,0,0,0,0,0,0,0,0,0,0,0,0,1,0,0,0,0,0,0,0,0,0,0,0,0,0,0,0,0,0,0,0,0,0,0,0,0,0,0,0,0,0,0,0,0
sfaH, S fimbriae adhesin SfaH ,S fimbriae (VF0222) ,Adherence; Fimbrial adhesin; Adhesive pili of the chaperone-usher family,Escherichia coli UTI89,0,0,0,0,0,0,0,0,0,0,0,0,1,0,0,0,0,0,0,0,0,0,0,0,0,0,0,0,0,0,0,0,0,0,0,0,0,0,0,0,0,0,0,0,0
sfaS, S fimbriae minor subunit SfaS ,S fimbriae (VF0222) ,Adherence; Fimbrial adhesin; Adhesive pili of the chaperone-usher family,Escherichia coli UTI89,0,0,0,0,0,0,0,0,0,0,0,0,1,0,0,0,0,0,0,0,0,0,0,0,0,0,0,0,0,0,0,0,0,0,0,0,0,0,0,0,0,0,0,0,0
sfaX, regulatory protein SfaX ,S fimbriae (VF0222) ,Adherence; Fimbrial adhesin; Adhesive pili of the chaperone-usher family,Escherichia coli UTI89,0,0,0,0,0,0,0,0,0,0,0,0,1,0,0,0,0,0,0,0,0,0,0,0,0,0,0,0,0,0,0,0,0,0,0,0,0,0,0,0,0,0,0,0,0
sfaY, regulatory protein SfaY ,S fimbriae (VF0222) ,Adherence; Fimbrial adhesin; Adhesive pili of the chaperone-usher family,Escherichia coli UTI89,0,0,0,0,0,0,0,0,0,0,0,0,1,0,0,0,0,0,0,0,0,0,0,0,0,0,0,0,0,0,0,0,0,0,0,0,0,0,0,0,0,0,0,0,0
iroB, glucosyltransferase IroB ,Salmochelin (IA013) ,Nutritional/Metabolic factor; Metal uptake; Iron uptake; Siderophore uptake system,Escherichia coli CFT073,0,0,0,0,0,0,0,0,0,0,0,0,1,0,1,0,0,0,0,0,0,0,0,0,0,0,0,0,0,0,0,0,0,0,0,0,0,0,0,0,0,0,0,0,0
iroC, ATP binding cassette transporter ,Salmochelin (IA013) ,Nutritional/Metabolic factor; Metal uptake; Iron uptake; Siderophore uptake system,Escherichia coli CFT073,0,0,0,0,0,0,0,0,0,0,0,0,1,0,1,0,0,0,0,0,0,0,0,0,0,0,0,0,0,0,0,0,0,0,0,0,0,0,0,0,0,0,0,0,0
iroD, esterase ,Salmochelin (IA013) ,Nutritional/Metabolic factor; Metal uptake; Iron uptake; Siderophore uptake system,Escherichia coli CFT073,0,0,0,0,0,0,0,0,0,0,0,0,1,0,0,0,0,0,0,0,0,0,0,0,0,0,0,0,0,0,0,0,0,0,0,0,0,0,0,0,0,0,0,0,0
iroE, esterase ,Salmochelin (IA013) ,Nutritional/Metabolic factor; Metal uptake; Iron uptake; Siderophore uptake system,Escherichia coli CFT073,0,0,0,0,0,0,0,0,0,0,0,0,1,0,1,0,0,0,0,0,0,0,0,0,0,0,0,0,0,0,0,0,0,0,0,0,0,0,0,0,0,0,0,0,0
sat, Aecreted auto transpoter toxin ,Sat (VF0231) ,Effector delivery system; Type V secretion system (T5SS) (Autotransporter); Classical autotransporter (type Va); SPATE,Escherichia coli CFT073,0,0,1,1,0,0,0,0,0,0,0,0,0,0,0,0,0,0,1,0,0,0,0,0,0,1,0,0,0,0,0,0,0,1,0,0,0,0,0,0,0,0,0,0,0
senB, enterotoxin ,ShET2 (VF0258) ,Exotoxin,Shigella flexneri 2a str. 301,0,1,1,0,0,0,0,0,0,0,0,1,0,0,0,0,0,0,0,1,1,0,0,0,0,1,0,0,0,0,0,0,0,1,0,0,1,0,0,0,0,0,0,0,0
shuA, outer membrane heme/hemoglobin receptor ShuA ,Shu (VF0256) ,Nutritional/Metabolic factor; Metal uptake; Iron uptake; Heme uptake system; Gram- non-hemophore-dependent,Shigella dysenteriae Sd197,0,0,0,0,0,0,0,0,0,0,0,0,0,0,0,0,0,0,0,0,0,0,0,0,0,0,0,0,0,1,0,0,0,0,0,0,0,0,0,0,0,0,0,0,0
shuS, heme/hemoglobin transport protein ShuS ,Shu (VF0256) ,Nutritional/Metabolic factor; Metal uptake; Iron uptake; Heme uptake system; Gram- non-hemophore-dependent,Shigella dysenteriae Sd197,0,0,0,1,0,0,0,0,0,0,0,0,0,0,0,0,0,0,0,0,0,0,0,0,0,0,0,0,0,0,0,0,0,0,0,0,0,0,0,0,0,0,0,0,0
shuT, periplasmic binding protein ShuT ,Shu (VF0256) ,Nutritional/Metabolic factor; Metal uptake; Iron uptake; Heme uptake system; Gram- non-hemophore-dependent,Shigella dysenteriae Sd197,0,0,0,0,0,0,0,0,0,0,0,0,0,0,0,0,0,0,0,1,0,0,0,0,0,0,0,0,0,0,0,0,0,0,0,0,0,0,0,0,0,0,0,0,0
sigA, serine protease autotransporter SigA ,SigA (VF0119) ,Exoenzyme; Protease; Effector delivery system; Type V secretion system (T5SS) (Autotransporter); Classical autotransporter (type Va); SPATE,Shigella flexneri 2a str. 301,0,0,0,1,0,0,1,0,0,0,0,0,0,0,0,0,0,0,0,0,0,0,0,0,0,0,0,0,0,0,0,0,0,1,0,0,0,0,0,0,0,0,0,1,1
gspC, general secretion pathway protein C ,T2SS (VF0333) ,Effector delivery system; Type II secretion system (T2SS); T2SS components,Shigella dysenteriae Sd197,1,0,0,2,0,0,1,0,0,0,0,0,1,1,0,0,0,0,0,0,1,0,0,0,2,2,1,0,0,1,0,0,0,2,0,1,1,0,0,0,0,0,0,1,0
gspD, general secretion pathway protein D ,T2SS (VF0333) ,Effector delivery system; Type II secretion system (T2SS); T2SS components,Shigella dysenteriae Sd197,0,0,0,2,0,0,0,0,0,0,0,0,1,1,0,0,0,0,0,0,1,0,0,0,1,1,1,0,0,1,0,0,0,2,0,1,1,0,0,0,0,0,0,1,0
gspE, general secretion pathway protein E ,T2SS (VF0333) ,Effector delivery system; Type II secretion system (T2SS); T2SS components,Shigella dysenteriae Sd197,0,0,0,3,0,0,0,0,0,0,0,0,1,1,0,0,0,0,0,0,0,0,0,0,1,1,1,0,0,0,0,0,0,2,0,1,1,0,0,0,0,0,0,1,0
gspF, general secretion pathway protein F ,T2SS (VF0333) ,Effector delivery system; Type II secretion system (T2SS); T2SS components,Shigella dysenteriae Sd197,0,0,0,3,0,0,0,0,0,0,0,0,1,1,0,0,0,0,0,0,0,0,0,0,1,1,1,0,0,0,0,0,0,2,0,1,1,0,0,0,0,0,0,1,0
gspG, general secretion pathway protein G ,T2SS (VF0333) ,Effector delivery system; Type II secretion system (T2SS); T2SS components,Shigella dysenteriae Sd197,1,0,0,3,0,0,0,0,0,0,0,1,1,1,0,0,0,0,0,0,0,0,0,0,2,1,1,0,0,0,0,0,0,2,0,1,1,0,0,0,0,0,0,2,0
gspH, general secretion pathway protein H ,T2SS (VF0333) ,Effector delivery system; Type II secretion system (T2SS); T2SS components,Shigella dysenteriae Sd197,0,0,0,3,0,0,0,0,0,0,0,0,1,1,0,0,0,0,0,0,1,0,0,0,1,1,1,0,0,1,0,0,0,2,0,1,1,0,0,0,0,0,0,2,0
gspI, general secretion pathway protein I ,T2SS (VF0333) ,Effector delivery system; Type II secretion system (T2SS); T2SS components,Shigella dysenteriae Sd197,0,0,0,3,0,0,1,0,0,0,0,0,1,2,0,0,0,0,0,0,0,0,0,0,1,1,1,0,0,1,0,0,0,2,0,1,1,0,0,0,0,0,0,2,0
gspJ, general secretion pathway protein J ,T2SS (VF0333) ,Effector delivery system; Type II secretion system (T2SS); T2SS components,Shigella dysenteriae Sd197,0,0,0,3,0,0,0,1,1,0,0,0,1,1,0,0,0,0,0,0,0,0,0,0,3,1,1,0,0,1,0,0,0,3,0,1,1,0,0,0,0,0,0,2,0
gspK, general secretion pathway protein K ,T2SS (VF0333) ,Effector delivery system; Type II secretion system (T2SS); T2SS components,Shigella dysenteriae Sd197,0,0,0,1,0,0,0,0,0,0,0,0,1,2,0,0,0,0,1,0,0,0,0,0,0,1,1,0,0,0,0,0,0,2,0,1,1,0,0,0,0,0,0,1,0
gspL, general secretion pathway protein L ,T2SS (VF0333) ,Effector delivery system; Type II secretion system (T2SS); T2SS components,Shigella dysenteriae Sd197,0,0,1,3,0,0,0,0,0,0,0,0,1,1,0,0,0,0,1,0,1,0,0,0,1,1,1,0,0,1,0,0,0,2,0,1,1,0,0,0,0,0,0,1,0
gspM, general secretion pathway protein M ,T2SS (VF0333) ,Effector delivery system; Type II secretion system (T2SS); T2SS components,Shigella dysenteriae Sd197,0,0,0,3,0,0,1,0,0,0,0,0,1,1,0,0,1,0,1,0,0,0,0,0,1,1,1,0,0,1,0,0,0,2,0,1,2,0,0,0,0,0,0,1,0
tcpC, Tir domain containing protein TcpC ,TcpC (VF0413) ,Immune modulation,Escherichia coli CFT073,0,0,0,0,0,0,0,0,0,0,0,0,1,0,0,0,0,0,0,0,0,0,0,0,0,0,0,0,0,0,0,0,0,0,0,0,0,0,0,0,0,0,0,0,0
tir, translocated intimin receptor protein ,Tir (VF0193) ,Effector delivery system; Type III secretion system (T3SS); T3SS effectors,Escherichia coli O157:H7 str. EDL933,0,0,0,0,0,0,0,0,0,0,0,0,0,0,0,0,0,0,0,0,0,0,0,0,0,0,0,0,0,0,0,0,0,0,0,1,0,0,0,0,0,0,0,0,0
vat, Haemoglobin protease ,Tsh (VF0233) ,Effector delivery system; Type V secretion system (T5SS) (Autotransporter); Classical autotransporter (type Va); SPATE,Escherichia coli CFT073,0,0,0,0,0,0,0,0,0,0,0,0,1,0,0,0,0,0,0,0,0,0,0,0,0,0,0,0,0,0,0,0,0,0,0,0,0,0,0,0,0,0,0,0,0
cesD, chaperone for EspB and EspD ,TTSS (VF0191) ,Effector delivery system; Type III secretion system (T3SS); T3SS components,Escherichia coli O157:H7 str. EDL933,0,0,0,0,0,0,0,0,0,0,0,1,0,0,0,0,0,0,0,0,1,0,0,0,0,0,0,1,0,0,0,0,0,0,0,1,0,0,0,0,0,0,0,0,0
cesF, CesF chaperone for EspF ,TTSS (VF0191) ,Effector delivery system; Type III secretion system (T3SS); T3SS components,Escherichia coli O157:H7 str. EDL933,0,0,0,0,0,0,0,0,0,0,0,1,0,0,0,0,0,0,0,0,0,0,0,0,0,0,0,1,0,0,0,0,0,0,0,1,0,0,0,0,0,0,0,0,0
escC, Type III secretion system secretin EscC ,TTSS (VF0191) ,Effector delivery system; Type III secretion system (T3SS); T3SS components,Escherichia coli O157:H7 str. EDL933,0,0,0,0,0,0,0,0,0,0,0,1,0,0,0,0,0,0,0,0,0,0,0,0,0,0,0,0,0,0,0,0,0,0,0,0,0,0,0,0,0,0,0,0,0
escD, Type III secretion system outer MS ring protein EscD ,TTSS (VF0191) ,Effector delivery system; Type III secretion system (T3SS); T3SS components,Escherichia coli O157:H7 str. EDL933,0,0,0,0,0,0,0,0,0,0,0,1,0,0,0,0,0,0,0,0,1,0,0,0,0,0,0,0,0,0,0,0,0,0,0,1,0,0,0,0,0,0,0,0,0
escF, Type III secretion system needle filament protein EscF ,TTSS (VF0191) ,Effector delivery system; Type III secretion system (T3SS); T3SS components,Escherichia coli O157:H7 str. EDL933,0,0,0,0,0,0,0,0,0,0,0,1,0,0,0,0,0,0,0,0,1,0,0,0,0,0,0,1,0,0,0,0,0,0,0,1,0,0,0,0,0,0,0,0,0
escJ, Type III secretion system inner MS ring protein EscJ ,TTSS (VF0191) ,Effector delivery system; Type III secretion system (T3SS); T3SS components,Escherichia coli O157:H7 str. EDL933,0,0,0,0,0,0,0,0,0,0,0,1,0,0,0,0,0,0,0,0,1,0,0,0,0,0,0,1,0,0,0,0,0,0,0,1,0,0,0,0,0,0,0,0,0
escR, Type III secretion systemminor export apparatus protein EscR ,TTSS (VF0191) ,Effector delivery system; Type III secretion system (T3SS); T3SS components,Escherichia coli O157:H7 str. EDL933,0,0,0,0,0,0,0,0,0,0,0,1,0,0,0,0,0,0,0,1,1,0,0,0,0,0,0,1,0,0,0,0,0,0,0,1,0,0,0,0,0,0,0,0,0
escS, Type III secretion systemminor export apparatus protein EscS ,TTSS (VF0191) ,Effector delivery system; Type III secretion system (T3SS); T3SS components,Escherichia coli O157:H7 str. EDL933,0,0,0,0,0,0,0,0,0,0,0,1,0,0,0,0,0,0,0,1,1,0,0,0,0,0,0,1,0,0,0,0,0,0,0,1,0,0,0,0,0,0,0,0,0
escT, Type III secretion system minor export apparatus protein EscT ,TTSS (VF0191) ,Effector delivery system; Type III secretion system (T3SS); T3SS components,Escherichia coli O157:H7 str. EDL933,0,0,0,0,0,0,0,0,0,0,0,0,0,0,0,0,0,0,0,0,0,0,0,0,0,0,0,1,0,0,0,0,0,0,0,1,0,0,0,0,0,0,0,0,0
escU, Type III secretion system export apparatus switch protein EscU ,TTSS (VF0191) ,Effector delivery system; Type III secretion system (T3SS); T3SS components,Escherichia coli O157:H7 str. EDL933,0,0,0,0,0,0,0,0,0,0,0,0,0,0,0,0,0,0,0,0,0,0,0,0,0,0,0,0,0,0,0,0,0,0,0,1,0,0,0,0,0,0,0,0,0
escV, Type III secretion system major export apparatus protein ,TTSS (VF0191) ,Effector delivery system; Type III secretion system (T3SS); T3SS components,Escherichia coli O157:H7 str. EDL933,0,0,0,0,0,0,0,0,0,0,0,0,0,0,0,0,0,0,0,0,0,0,0,0,0,0,0,0,0,0,0,0,0,0,0,1,0,0,0,0,0,0,0,0,0
espB, Type III secretion system translocator protein EspB pore protein ,TTSS (VF0191) ,Effector delivery system; Type III secretion system (T3SS); T3SS components,Escherichia coli O157:H7 str. EDL933,0,0,0,0,0,0,0,0,0,0,0,1,0,0,0,0,0,0,0,0,0,0,0,0,0,0,0,0,0,0,0,0,0,0,0,0,0,0,0,0,0,0,0,0,0
sepL, Type III secretion system secretion gatekeeper SepL ,TTSS (VF0191) ,Effector delivery system; Type III secretion system (T3SS); T3SS components,Escherichia coli O157:H7 str. EDL933,0,0,0,0,0,0,0,0,0,0,0,1,0,0,0,0,0,0,0,0,0,0,0,0,0,0,0,0,0,0,0,0,0,0,0,0,0,0,0,0,0,0,0,0,0
sepQ/escQ, Type III secetion system C ring protein EscQ ,TTSS (VF0191) ,Effector delivery system; Type III secretion system (T3SS); T3SS components,Escherichia coli O157:H7 str. EDL933,0,0,0,0,0,0,0,0,0,0,0,0,0,0,0,0,0,0,0,0,0,0,0,0,0,0,0,0,0,0,0,0,0,0,0,1,0,0,0,0,0,0,0,0,0
sepZ/espZ, Type III secretion system effector EspZ ,TTSS (VF0191) ,Effector delivery system; Type III secretion system (T3SS); T3SS components,Escherichia coli O157:H7 str. EDL933,0,0,0,0,0,0,0,0,0,0,0,0,0,0,0,0,0,0,0,0,0,0,0,0,0,0,0,0,0,0,0,0,0,0,0,1,0,0,0,0,0,0,0,0,0
fimA, Type-1 fimbrial protein A chain precursor ,Type 1 fimbriae (VF0221) ,Adherence; Fimbrial adhesin; Adhesive pili of the chaperone-usher family,Escherichia coli CFT073,0,0,1,2,0,0,2,1,0,0,0,1,1,0,0,0,0,0,1,2,1,0,0,0,1,2,1,1,0,1,0,0,0,2,0,1,1,0,0,0,0,0,0,2,1
fimB, Type 1 fimbriae Regulatory protein fimB ,Type 1 fimbriae (VF0221) ,Adherence; Fimbrial adhesin; Adhesive pili of the chaperone-usher family,Escherichia coli CFT073,1,0,1,2,0,0,1,0,0,0,0,1,1,1,0,0,1,0,1,1,0,0,0,0,1,1,1,1,0,1,0,0,0,1,0,1,1,0,0,0,0,0,0,1,1
fimC, Chaperone protein fimC precursor ,Type 1 fimbriae (VF0221) ,Adherence; Fimbrial adhesin; Adhesive pili of the chaperone-usher family,Escherichia coli CFT073,1,0,1,2,0,0,1,0,0,0,0,1,1,1,0,0,0,0,1,1,1,0,0,0,1,1,1,1,0,1,0,0,0,1,0,1,1,0,0,0,0,0,0,1,1
fimD, Outer membrane usher protein fimD precursor ,Type 1 fimbriae (VF0221) ,Adherence; Fimbrial adhesin; Adhesive pili of the chaperone-usher family,Escherichia coli CFT073,0,0,1,1,0,0,1,0,0,0,0,1,1,0,0,0,0,0,1,1,0,0,0,0,2,1,1,0,0,0,0,0,0,1,0,1,1,0,0,0,0,0,0,0,0
fimE, Type 1 fimbriae Regulatory protein fimE ,Type 1 fimbriae (VF0221) ,Adherence; Fimbrial adhesin; Adhesive pili of the chaperone-usher family,Escherichia coli CFT073,0,0,1,1,0,0,1,0,0,0,0,1,1,1,0,0,0,0,1,1,0,0,0,0,1,2,1,1,0,1,0,0,0,1,0,1,1,0,0,0,0,0,0,1,1
fimF, FimF protein precursor ,Type 1 fimbriae (VF0221) ,Adherence; Fimbrial adhesin; Adhesive pili of the chaperone-usher family,Escherichia coli CFT073,0,0,2,1,0,0,1,0,0,0,0,1,1,1,0,0,1,0,1,1,0,0,0,0,1,2,1,0,0,0,0,0,0,1,0,1,1,0,0,0,0,0,0,1,1
fimG, FimG protein precursor ,Type 1 fimbriae (VF0221) ,Adherence; Fimbrial adhesin; Adhesive pili of the chaperone-usher family,Escherichia coli CFT073,1,0,1,2,0,1,1,0,0,0,0,1,1,0,0,0,0,0,1,1,0,0,0,0,1,2,1,1,0,0,0,0,0,3,0,1,1,0,0,0,0,0,0,0,0
fimH, FimH protein precursor ,Type 1 fimbriae (VF0221) ,Adherence; Fimbrial adhesin; Adhesive pili of the chaperone-usher family,Escherichia coli CFT073,0,0,1,3,0,0,1,0,0,0,0,1,1,1,0,0,1,0,1,1,0,0,0,0,1,1,1,1,0,1,0,0,0,2,0,1,1,0,0,0,0,0,0,1,1
fimI, Fimbrin-like protein fimI precursor ,Type 1 fimbriae (VF0221) ,Adherence; Fimbrial adhesin; Adhesive pili of the chaperone-usher family,Escherichia coli CFT073,0,0,1,2,0,0,1,1,0,0,0,1,1,1,0,0,0,0,1,1,0,0,0,0,1,1,1,1,0,1,0,0,0,1,0,1,1,1,1,0,0,0,0,1,0
xcpR, general secretion pathway protein E ,xcp secretion system (VF0084) ,Effector delivery system; Type II secretion system (T2SS),Pseudomonas aeruginosa PAO1,0,0,0,0,0,0,0,0,0,0,0,0,0,0,0,0,0,0,0,0,0,0,0,0,0,0,0,0,0,0,0,0,0,0,0,0,0,0,0,0,0,0,0,0,0
fyuA, pesticin/yersiniabactin receptor protein ,Yersiniabactin (VF0136) ,Nutritional/Metabolic factor; Metal uptake; Iron uptake; Siderophore uptake system,Yersinia pestis CO92,0,0,0,1,0,0,1,0,0,0,0,0,1,0,0,0,0,0,1,1,0,0,0,0,1,1,1,0,0,0,0,0,0,1,0,0,0,0,0,0,0,0,0,0,0
irp1, yersiniabactin biosynthetic protein Irp1 ,Yersiniabactin (VF0136) ,Nutritional/Metabolic factor; Metal uptake; Iron uptake; Siderophore uptake system,Yersinia pestis CO92,0,0,0,1,0,0,1,0,0,0,0,0,1,0,0,0,0,0,1,1,0,0,0,0,0,1,1,0,0,0,0,0,0,1,0,0,0,0,0,0,0,0,0,0,0
irp2, yersiniabactin biosynthetic protein Irp2 ,Yersiniabactin (VF0136) ,Nutritional/Metabolic factor; Metal uptake; Iron uptake; Siderophore uptake system,Yersinia pestis CO92,0,0,0,1,0,0,0,0,0,0,0,0,1,0,0,0,0,0,1,1,0,0,0,0,0,1,1,0,0,0,0,0,0,1,0,0,0,0,0,0,0,0,0,0,0
ybtA, transcriptional regulator YbtA ,Yersiniabactin (VF0136) ,Nutritional/Metabolic factor; Metal uptake; Iron uptake; Siderophore uptake system,Yersinia pestis CO92,0,0,0,1,0,0,1,0,0,0,0,0,1,0,0,0,0,0,1,0,0,0,0,0,1,1,1,1,0,1,0,0,0,1,0,0,0,0,0,0,0,0,0,0,1
ybtE, yersiniabactin siderophore biosynthetic protein ,Yersiniabactin (VF0136) ,Nutritional/Metabolic factor; Metal uptake; Iron uptake; Siderophore uptake system,Yersinia pestis CO92,0,0,0,1,0,0,1,0,0,0,0,0,1,0,0,0,1,0,1,1,0,0,0,0,1,1,1,1,0,1,0,0,0,1,0,1,1,0,0,0,0,0,0,0,0
ybtP, lipoprotein inner membrane ABC-transporter ,Yersiniabactin (VF0136) ,Nutritional/Metabolic factor; Metal uptake; Iron uptake; Siderophore uptake system,Yersinia pestis CO92,0,0,0,1,0,0,1,0,0,0,0,1,1,0,0,0,0,0,1,1,0,0,0,0,1,1,1,1,0,0,0,0,0,1,0,1,0,0,0,0,0,0,0,0,0
ybtQ, inner membrane ABC-transporter YbtQ ,Yersiniabactin (VF0136) ,Nutritional/Metabolic factor; Metal uptake; Iron uptake; Siderophore uptake system,Yersinia pestis CO92,0,0,0,1,0,0,1,0,0,0,0,0,1,0,0,0,0,0,1,1,0,0,0,0,1,1,1,0,0,1,0,0,0,1,0,1,0,0,0,0,0,0,0,0,1
ybtS, salicylate synthase Irp9 ,Yersiniabactin (VF0136) ,Nutritional/Metabolic factor; Metal uptake; Iron uptake; Siderophore uptake system,Yersinia pestis CO92,0,0,0,1,0,0,1,0,0,0,0,1,1,0,0,0,0,0,1,1,0,0,0,0,0,1,1,0,0,1,0,0,0,1,0,0,0,0,0,0,0,0,0,0,1
ybtT, yersiniabactin biosynthetic protein YbtT ,Yersiniabactin (VF0136) ,Nutritional/Metabolic factor; Metal uptake; Iron uptake; Siderophore uptake system,Yersinia pestis CO92,0,0,0,1,0,0,1,0,0,0,0,0,1,0,0,0,0,0,1,1,0,0,0,0,1,1,1,0,0,1,0,0,0,1,0,1,1,0,0,0,0,0,0,0,1
ybtU, yersiniabactin biosynthetic protein YbtU ,Yersiniabactin (VF0136) ,Nutritional/Metabolic factor; Metal uptake; Iron uptake; Siderophore uptake system,Yersinia pestis CO92,0,0,0,1,0,0,1,0,0,0,0,1,1,0,0,0,0,0,1,1,0,0,0,0,1,1,1,1,0,1,0,0,0,1,0,0,0,0,0,0,0,0,0,0,0
ybtX, putative signal transducer ,Yersiniabactin (VF0136) ,Nutritional/Metabolic factor; Metal uptake; Iron uptake; Siderophore uptake system,Yersinia pestis CO92,0,0,0,1,0,0,1,0,0,0,0,1,1,0,0,0,0,0,1,1,0,0,0,0,1,2,1,1,0,0,0,0,0,1,0,1,0,0,0,0,0,0,0,0,0